"Employee ID","Registration Number","First Name","Middle Name",Surname,Gender,"Date of Birth",Email,"Mobile Number",Department,"Grade Level",Step,"Appointment Type","Date of First Appointment","Years of Service",Status,State,LGA,"Bank Name","Account Number","Account Name"
1,REG00001,Susan,Sarah,Adeleke,Female,1966-10-22,susan.adeleke1@company.com,07043756068,"Human Resources",GL16,"Step 10",Permanent,2021-10-22,4,Suspended,,,"Wema Bank",2315643928,"Susan Adeleke"
2,REG00002,Mojisola,Patricia,Wahab,Male,2000-10-22,mojisola.wahab2@company.com,08016105953,"Human Resources",,,Contract,2019-10-22,6,Active,,,"Heritage Bank",2724409551,"Mojisola Wahab"
3,REG00003,Omobola,Halima,Nguyen,Female,1965-10-22,omobola.nguyen3@company.com,08083526875,"Information Technology",GL14,"Step 9",Permanent,2013-10-22,12,Active,,,"SunTrust Bank",3137031981,"Omobola Nguyen"
4,REG00004,Adunni,Lisa,Anozie,Male,1987-10-22,adunni.anozie4@company.com,08068370416,Finance,GL03,"Step 7",Permanent,2006-10-22,19,Active,,,"Sterling Bank",1645453231,"Adunni Anozie"
5,REG00005,Michael,,Nguyen,Male,2002-10-22,michael.nguyen5@company.com,09077181794,Finance,GL02,"Step 13",Permanent,2020-10-22,5,Suspended,,,"Fidelity Bank",9206671664,"Michael Nguyen"
6,REG00006,Michael,Mubarak,Adebowale,Male,1976-10-22,michael.adebowale6@company.com,09046241354,Finance,GL13,"Step 5",Permanent,1997-10-22,28,Suspended,,,"Access Bank",3577027026,"Michael Adebowale"
7,REG00007,Obiageli,Kemi,Rodriguez,Female,1981-10-22,obiageli.rodriguez7@company.com,08086855950,"Information Technology",,,Contract,2003-10-22,22,Suspended,,,"Titan Trust Bank",8672668052,"Obiageli Rodriguez"
8,REG00008,Ezinne,Jumoke,Adeleke,Male,1985-10-22,ezinne.adeleke8@company.com,09057923059,"Information Technology",,,Contract,2003-10-22,22,Active,,,"Heritage Bank",4114565061,"Ezinne Adeleke"
9,REG00009,Linda,Jumoke,Abiodun,Male,1979-10-22,linda.abiodun9@company.com,08189943911,Finance,GL14,"Step 9",Permanent,2002-10-22,23,Suspended,,,"Globus Bank",5938095655,"Linda Abiodun"
10,REG00010,Nwamaka,,Thompson,Male,1969-10-22,nwamaka.thompson10@company.com,09051749191,Finance,,,Contract,1990-10-22,35,Active,,,FCMB,6126523546,"Nwamaka Thompson"
11,REG00011,Nkechi,,Odetola,Female,2001-10-22,nkechi.odetola11@company.com,09082584003,"Information Technology",GL14,"Step 8",Permanent,2019-10-22,6,Active,,,"Union Bank of Nigeria",2980993945,"Nkechi Odetola"
12,REG00012,Nwankwo,,Oyinloye,Male,1975-10-22,nwankwo.oyinloye12@company.com,07015000594,Finance,GL14,"Step 5",Permanent,1997-10-22,28,Active,,,FCMB,5380582706,"Nwankwo Oyinloye"
13,REG00013,Chinaza,,Oyesiku,Male,1973-10-22,chinaza.oyesiku13@company.com,08153179092,Finance,,,Contract,1999-10-22,26,Suspended,,,FCMB,7356576982,"Chinaza Oyesiku"
14,REG00014,Sarah,,Patel,Male,1986-10-22,sarah.patel14@company.com,08146575667,"Information Technology",,,Contract,2004-10-22,21,Active,,,"Heritage Bank",2884494955,"Sarah Patel"
15,REG00015,Aminat,,Bashir,Female,1975-10-22,aminat.bashir15@company.com,09067801786,"Information Technology",GL12,"Step 2",Permanent,1994-10-22,31,Suspended,,,"Guaranty Trust Bank",7193393882,"Aminat Bashir"
16,REG00016,Ngozika,Kemi,Agoi,Male,1985-10-22,ngozika.agoi16@company.com,08171455835,"Human Resources",,,Contract,2025-10-22,0,Suspended,,,"Heritage Bank",3592803493,"Ngozika Agoi"
17,REG00017,Ngozi,,Ajumobi,Male,2001-10-22,ngozi.ajumobi17@company.com,08193813295,"Human Resources",,,Contract,2019-10-22,6,Suspended,,,"Parallex Bank",4023913858,"Ngozi Ajumobi"
18,REG00018,Uchechukwu,,Wilson,Female,1992-10-22,uchechukwu.wilson18@company.com,09054845678,"Human Resources",GL11,"Step 5",Permanent,2015-10-22,10,Suspended,,,"Sterling Bank",2897116702,"Uchechukwu Wilson"
19,REG00019,Wasiu,Babatunde,Harris,Male,1983-10-22,wasiu.harris19@company.com,08187309639,"Information Technology",,,Contract,2021-10-22,4,Active,,,"Keystone Bank",5806999813,"Wasiu Harris"
20,REG00020,Bukola,,Mbanefo,Female,1981-10-22,bukola.mbanefo20@company.com,09019732195,"Human Resources",GL15,"Step 4",Permanent,1999-10-22,26,Active,,,"Guaranty Trust Bank",5789118565,"Bukola Mbanefo"
21,REG00021,Paul,,Sule,Female,1989-10-22,paul.sule21@company.com,09063745025,Finance,,,Contract,2011-10-22,14,Suspended,,,"Ecobank Nigeria",5152014788,"Paul Sule"
22,REG00022,Mojisola,,Anderson,Female,1985-10-22,mojisola.anderson22@company.com,08087791688,"Information Technology",,,Contract,2019-10-22,6,Suspended,,,"Parallex Bank",2012023887,"Mojisola Anderson"
23,REG00023,Ifeanyi,,Thompson,Male,1979-10-22,ifeanyi.thompson23@company.com,09076319883,"Human Resources",GL14,"Step 3",Permanent,1997-10-22,28,Suspended,,,"Jaiz Bank",1339443324,"Ifeanyi Thompson"
24,REG00024,Nkiru,,Okonkwo,Male,1982-10-22,nkiru.okonkwo24@company.com,07033589220,"Information Technology",,,Contract,2023-10-22,2,Active,,,"Ecobank Nigeria",6998713093,"Nkiru Okonkwo"
25,REG00025,Uchechukwu,,Aderibigbe,Female,1997-10-22,uchechukwu.aderibigbe25@company.com,08166811133,"Human Resources",,,Contract,2015-10-22,10,Suspended,,,"Citibank Nigeria",1249148755,"Uchechukwu Aderibigbe"
26,REG00026,Kehinde,Jumoke,Aluko,Female,1976-10-22,kehinde.aluko26@company.com,08116848913,"Human Resources",GL13,"Step 12",Permanent,1997-10-22,28,Suspended,,,"Fidelity Bank",2884030860,"Kehinde Aluko"
27,REG00027,William,James,Bamisebi,Female,1967-10-22,william.bamisebi27@company.com,09062694756,"Human Resources",GL13,"Step 5",Permanent,1994-10-22,31,Active,,,"Ecobank Nigeria",1485300627,"William Bamisebi"
28,REG00028,Akin,Ujunwa,Bello,Male,1980-10-22,akin.bello28@company.com,09078742800,"Information Technology",,,Contract,1998-10-22,27,Active,,,"Parallex Bank",3227792484,"Akin Bello"
29,REG00029,Nkiru,Chukwu,Ozoigbo,Female,1988-10-22,nkiru.ozoigbo29@company.com,09063408890,Finance,,,Contract,2006-10-22,19,Suspended,,,"Polaris Bank",3212796771,"Nkiru Ozoigbo"
30,REG00030,William,Christopher,Balogun,Male,1967-10-22,william.balogun30@company.com,09019538712,Finance,,,Contract,2025-10-22,0,Active,,,FCMB,5580737103,"William Balogun"
31,REG00031,Chioma,Ifeanyi,Fashina,Male,1968-10-22,chioma.fashina31@company.com,08126131056,Finance,,,Contract,2025-10-22,0,Active,,,"Union Bank of Nigeria",2211826635,"Chioma Fashina"
32,REG00032,Oyin,,White,Female,2005-10-22,oyin.white32@company.com,07038273299,Finance,,,Contract,2023-10-22,2,Active,,,"Polaris Bank",2347211647,"Oyin White"
33,REG00033,Paul,Rasheedah,Davis,Male,1966-10-22,paul.davis33@company.com,09013276470,Finance,,,Contract,1999-10-22,26,Suspended,,,"Union Bank of Nigeria",4881618837,"Paul Davis"
34,REG00034,Chidi,,Harris,Male,1966-10-22,chidi.harris34@company.com,08156447156,Finance,GL11,"Step 7",Permanent,2015-10-22,10,Active,,,"Wema Bank",7345562588,"Chidi Harris"
35,REG00035,Kikelomo,,Amarachi,Female,1987-10-22,kikelomo.amarachi35@company.com,08112819572,Finance,GL10,"Step 13",Permanent,2005-10-22,20,Active,,,"Wema Bank",2306350275,"Kikelomo Amarachi"
36,REG00036,Christopher,Jumoke,Ladele,Female,1977-10-22,christopher.ladele36@company.com,08079102805,Finance,GL12,"Step 13",Permanent,2015-10-22,10,Active,,,FCMB,7163891777,"Christopher Ladele"
37,REG00037,Ngozi,,Omorede,Male,1971-10-22,ngozi.omorede37@company.com,08186000190,"Information Technology",,,Contract,2024-10-22,1,Suspended,,,"Globus Bank",5088231922,"Ngozi Omorede"
38,REG00038,Jumoke,Omowumi,Ahmad,Female,1974-10-22,jumoke.ahmad38@company.com,08015488351,Finance,,,Contract,2017-10-22,8,Active,,,"Guaranty Trust Bank",4622629052,"Jumoke Ahmad"
39,REG00039,Mubarak,,Olufunmi,Female,1989-10-22,mubarak.olufunmi39@company.com,08092902805,"Information Technology",GL07,"Step 6",Permanent,2014-10-22,11,Suspended,,,"First City Monument Bank",3146838889,"Mubarak Olufunmi"
40,REG00040,Barbara,,Adepoju,Male,2002-10-22,barbara.adepoju40@company.com,08115558385,Finance,GL12,"Step 13",Permanent,2023-10-22,2,Suspended,,,"Providus Bank",9922366920,"Barbara Adepoju"
41,REG00041,Chidi,Chukwu,Orji,Female,1998-10-22,chidi.orji41@company.com,08019964328,Finance,GL03,"Step 12",Permanent,2024-10-22,1,Suspended,,,"Heritage Bank",1457564906,"Chidi Orji"
42,REG00042,Ifeanyi,,Balogun,Male,1967-10-22,ifeanyi.balogun42@company.com,09022798878,"Human Resources",,,Contract,2005-10-22,20,Suspended,,,"Wema Bank",8621936708,"Ifeanyi Balogun"
43,REG00043,Sarah,Chinaza,Miller,Male,2005-10-22,sarah.miller43@company.com,09028496772,"Information Technology",,,Contract,2023-10-22,2,Suspended,,,"Unity Bank",2347091581,"Sarah Miller"
44,REG00044,Chukwu,Bimbo,Bashir,Male,1973-10-22,chukwu.bashir44@company.com,08176847510,"Human Resources",,,Contract,2020-10-22,5,Active,,,"SunTrust Bank",6609891371,"Chukwu Bashir"
45,REG00045,Chidiebere,,Iwu,Female,1990-10-22,chidiebere.iwu45@company.com,08102152079,"Information Technology",,,Contract,2008-10-22,17,Suspended,,,"Sterling Bank",8006937739,"Chidiebere Iwu"
46,REG00046,Aderonke,Jennifer,Ani,Female,1971-10-22,aderonke.ani46@company.com,09098714131,"Information Technology",,,Contract,2004-10-22,21,Suspended,,,"Stanbic IBTC Bank",9579838775,"Aderonke Ani"
47,REG00047,Olamide,,Ayodele,Male,1988-10-22,olamide.ayodele47@company.com,09036891365,"Human Resources",GL07,"Step 7",Permanent,2006-10-22,19,Active,,,"Globus Bank",3595663179,"Olamide Ayodele"
48,REG00048,Jessica,Oyin,Bamidele,Male,1999-10-22,jessica.bamidele48@company.com,09019604915,Finance,GL13,"Step 2",Permanent,2017-10-22,8,Suspended,,,"Polaris Bank",7917744807,"Jessica Bamidele"
49,REG00049,Grace,Halima,Ayeni,Male,1993-10-22,grace.ayeni49@company.com,08154040998,Finance,GL06,"Step 1",Permanent,2011-10-22,14,Suspended,,,"Unity Bank",6465187928,"Grace Ayeni"
50,REG00050,Adunni,Elizabeth,Bamidele,Female,2004-10-22,adunni.bamidele50@company.com,08152817361,Finance,,,Contract,2024-10-22,1,Suspended,,,"Keystone Bank",3097471637,"Adunni Bamidele"
51,REG00051,Busola,Nkem,Aliyu,Female,1985-10-22,busola.aliyu51@company.com,07028905083,Finance,,,Contract,2003-10-22,22,Suspended,,,"Wema Bank",8156617209,"Busola Aliyu"
52,REG00052,Adepeju,,Ani,Female,1992-10-22,adepeju.ani52@company.com,08121255979,"Information Technology",GL11,"Step 9",Permanent,2010-10-22,15,Active,,,"Fidelity Bank",4448600313,"Adepeju Ani"
53,REG00053,Busola,,Oyinloye,Male,1971-10-22,busola.oyinloye53@company.com,07039645273,"Information Technology",,,Contract,2014-10-22,11,Suspended,,,"Guaranty Trust Bank",4160665216,"Busola Oyinloye"
54,REG00054,Mojisola,Kehinde,Williams,Male,1991-10-22,mojisola.williams54@company.com,09035082928,Finance,GL04,"Step 10",Permanent,2010-10-22,15,Suspended,,,"Globus Bank",4243461039,"Mojisola Williams"
55,REG00055,Ifeanyi,,Allen,Male,1990-10-22,ifeanyi.allen55@company.com,08095182450,"Information Technology",,,Contract,2008-10-22,17,Active,,,"Titan Trust Bank",3195943203,"Ifeanyi Allen"
56,REG00056,Elizabeth,,Adebisi,Male,1996-10-22,elizabeth.adebisi56@company.com,09069659533,"Information Technology",,,Contract,2014-10-22,11,Active,,,"Ecobank Nigeria",3470727795,"Elizabeth Adebisi"
57,REG00057,Elizabeth,Michael,Garcia,Male,2003-10-22,elizabeth.garcia57@company.com,08047141133,"Human Resources",,,Contract,2025-10-22,0,Suspended,,,"Parallex Bank",9435541613,"Elizabeth Garcia"
58,REG00058,David,,Anifowoshe,Female,1991-10-22,david.anifowoshe58@company.com,08014878626,"Human Resources",,,Contract,2009-10-22,16,Active,,,"SunTrust Bank",4652067067,"David Anifowoshe"
59,REG00059,Ahmad,,Balogun,Male,1990-10-22,ahmad.balogun59@company.com,08149011198,Finance,GL04,"Step 9",Permanent,2008-10-22,17,Suspended,,,"Fidelity Bank",3104669819,"Ahmad Balogun"
60,REG00060,Daniel,Adepeju,Olufunmi,Female,1988-10-22,daniel.olufunmi60@company.com,07014986621,"Information Technology",GL05,"Step 7",Permanent,2006-10-22,19,Suspended,,,"First Bank of Nigeria",5419728221,"Daniel Olufunmi"
61,REG00061,Ujunwa,Thomas,Adesanya,Male,1999-10-22,ujunwa.adesanya61@company.com,08148098165,"Human Resources",GL03,"Step 8",Permanent,2025-10-22,0,Suspended,,,"Stanbic IBTC Bank",2229676437,"Ujunwa Adesanya"
62,REG00062,Nkiru,Adebayo,Amusa,Male,2002-10-22,nkiru.amusa62@company.com,08102942048,"Information Technology",GL04,"Step 13",Permanent,2020-10-22,5,Active,,,"Wema Bank",9748925641,"Nkiru Amusa"
63,REG00063,Kikelomo,,Martinez,Male,1989-10-22,kikelomo.martinez63@company.com,08136367572,"Information Technology",GL15,"Step 1",Permanent,2007-10-22,18,Suspended,,,"SunTrust Bank",2034009387,"Kikelomo Martinez"
64,REG00064,Bukola,,Amodu,Male,1998-10-22,bukola.amodu64@company.com,08076697047,"Human Resources",,,Contract,2018-10-22,7,Active,,,"Fidelity Bank",5977895653,"Bukola Amodu"
65,REG00065,Yusuf,Uche,Uwakwe,Male,1973-10-22,yusuf.uwakwe65@company.com,08036042375,"Information Technology",GL11,"Step 8",Permanent,1996-10-22,29,Suspended,,,"Guaranty Trust Bank",4710782774,"Yusuf Uwakwe"
66,REG00066,Zainab,,Patel,Male,1992-10-22,zainab.patel66@company.com,09073233030,"Human Resources",,,Contract,2025-10-22,0,Suspended,,,"First Bank of Nigeria",1347537117,"Zainab Patel"
67,REG00067,Robert,,Igbo,Male,1968-10-22,robert.igbo67@company.com,09069719460,"Human Resources",GL15,"Step 4",Permanent,2019-10-22,6,Suspended,,,"First City Monument Bank",1163753063,"Robert Igbo"
68,REG00068,Tunde,,Akintola,Female,1966-10-22,tunde.akintola68@company.com,08014891535,"Information Technology",GL11,"Step 8",Permanent,1994-10-22,31,Active,,,"Guaranty Trust Bank",9472157830,"Tunde Akintola"
69,REG00069,Kehinde,Lekan,Balogun,Female,1989-10-22,kehinde.balogun69@company.com,08028002892,"Information Technology",,,Contract,2007-10-22,18,Active,,,"United Bank for Africa",2979577958,"Kehinde Balogun"
70,REG00070,Lisa,,Williams,Male,1983-10-22,lisa.williams70@company.com,09036382499,"Human Resources",,,Contract,2012-10-22,13,Active,,,"Jaiz Bank",2805256140,"Lisa Williams"
71,REG00071,Nkechi,,Omololu,Male,1994-10-22,nkechi.omololu71@company.com,08139223619,"Human Resources",GL06,"Step 9",Permanent,2017-10-22,8,Suspended,,,"Union Bank of Nigeria",4319864882,"Nkechi Omololu"
72,REG00072,Funmi,Halima,Sanchez,Female,1981-10-22,funmi.sanchez72@company.com,09058109567,Finance,,,Contract,2001-10-22,24,Active,,,"Polaris Bank",2649330386,"Funmi Sanchez"
73,REG00073,Halima,,Clark,Female,1995-10-22,halima.clark73@company.com,08155686988,"Human Resources",,,Contract,2021-10-22,4,Active,,,"First Bank of Nigeria",3289213489,"Halima Clark"
74,REG00074,Nkechi,,Nwankwo,Female,1983-10-22,nkechi.nwankwo74@company.com,08041721485,"Human Resources",,,Contract,2001-10-22,24,Active,,,"Heritage Bank",5323115042,"Nkechi Nwankwo"
75,REG00075,Sarah,Nwankwo,Bello,Male,1982-10-22,sarah.bello75@company.com,08024924234,"Human Resources",,,Contract,2017-10-22,8,Active,,,"Unity Bank",3312680818,"Sarah Bello"
76,REG00076,Jumoke,,Nwosu,Female,2005-10-22,jumoke.nwosu76@company.com,09039831145,"Human Resources",,,Contract,2023-10-22,2,Active,,,"Guaranty Trust Bank",5782455334,"Jumoke Nwosu"
77,REG00077,Christopher,,Isiaka,Male,1979-10-22,christopher.isiaka77@company.com,08188862110,"Information Technology",GL11,"Step 5",Permanent,1998-10-22,27,Active,,,"Union Bank of Nigeria",2352137633,"Christopher Isiaka"
78,REG00078,Kemi,Adebayo,Olawale,Male,1999-10-22,kemi.olawale78@company.com,08061386427,Finance,,,Contract,2017-10-22,8,Active,,,"First Bank of Nigeria",9846755144,"Kemi Olawale"
79,REG00079,Uche,,Afolabi,Male,1972-10-22,uche.afolabi79@company.com,08022373906,"Information Technology",GL01,"Step 5",Permanent,2004-10-22,21,Active,,,"Stanbic IBTC Bank",3868476130,"Uche Afolabi"
80,REG00080,William,Uzochi,Asaaju,Female,1998-10-22,william.asaaju80@company.com,08081487019,"Information Technology",,,Contract,2016-10-22,9,Active,,,"Citibank Nigeria",8103374022,"William Asaaju"
81,REG00081,Ugochi,Folake,Aliyu,Male,1996-10-22,ugochi.aliyu81@company.com,08073120458,"Information Technology",GL09,"Step 9",Permanent,2014-10-22,11,Active,,,"First Bank of Nigeria",1392677203,"Ugochi Aliyu"
82,REG00082,Ujunwa,Nkiru,Nwosu,Male,1999-10-22,ujunwa.nwosu82@company.com,08166555843,"Human Resources",GL12,"Step 11",Permanent,2017-10-22,8,Suspended,,,FCMB,3570203728,"Ujunwa Nwosu"
83,REG00083,Ibrahim,Funmi,Eze,Female,1987-10-22,ibrahim.eze83@company.com,09064864952,Finance,,,Contract,2015-10-22,10,Active,,,"Zenith Bank",2245514289,"Ibrahim Eze"
84,REG00084,Rasheedah,Mubarak,Asaaju,Female,1989-10-22,rasheedah.asaaju84@company.com,08081387547,"Human Resources",GL16,"Step 6",Permanent,2018-10-22,7,Suspended,,,"SunTrust Bank",7145023197,"Rasheedah Asaaju"
85,REG00085,Adebayo,Grace,Igbinedion,Male,2007-10-22,adebayo.igbinedion85@company.com,08143332766,Finance,GL05,"Step 1",Permanent,2025-10-22,0,Suspended,,,"Fidelity Bank",7585860781,"Adebayo Igbinedion"
86,REG00086,Funmi,Ngozi,David,Female,1990-10-22,funmi.david86@company.com,08146469583,"Information Technology",GL12,"Step 1",Permanent,2008-10-22,17,Active,,,"Unity Bank",1589987101,"Funmi David"
87,REG00087,Adepeju,,Azeez,Female,1982-10-22,adepeju.azeez87@company.com,09045030180,"Human Resources",,,Contract,2003-10-22,22,Suspended,,,"Wema Bank",5642899562,"Adepeju Azeez"
88,REG00088,Emeka,,Osagie,Female,1991-10-22,emeka.osagie88@company.com,09015212415,Finance,GL04,"Step 13",Permanent,2014-10-22,11,Active,,,"Ecobank Nigeria",2695210651,"Emeka Osagie"
89,REG00089,Ngozika,,Ajiboye,Female,1971-10-22,ngozika.ajiboye89@company.com,09086234547,"Information Technology",,,Contract,2007-10-22,18,Active,,,"Providus Bank",8623354485,"Ngozika Ajiboye"
90,REG00090,Chidi,William,Bakare,Female,1975-10-22,chidi.bakare90@company.com,08065316236,Finance,,,Contract,1998-10-22,27,Active,,,"Standard Chartered Bank",4463849440,"Chidi Bakare"
91,REG00091,Chidimma,,Lewis,Male,1995-10-22,chidimma.lewis91@company.com,08196639223,"Information Technology",,,Contract,2013-10-22,12,Suspended,,,"Guaranty Trust Bank",1730365932,"Chidimma Lewis"
92,REG00092,Barbara,,Miller,Male,1990-10-22,barbara.miller92@company.com,08113777303,"Human Resources",GL11,"Step 7",Permanent,2024-10-22,1,Active,,,"Ecobank Nigeria",6565518688,"Barbara Miller"
93,REG00093,Wasiu,,Zaynab,Male,1975-10-22,wasiu.zaynab93@company.com,09054775823,"Information Technology",GL06,"Step 7",Permanent,2011-10-22,14,Active,,,"Unity Bank",5728838988,"Wasiu Zaynab"
94,REG00094,Aminat,Mary,Torres,Female,1979-10-22,aminat.torres94@company.com,08178513917,"Information Technology",,,Contract,2011-10-22,14,Active,,,"Sterling Bank",8182258705,"Aminat Torres"
95,REG00095,Omobola,,Oyesiku,Male,2006-10-22,omobola.oyesiku95@company.com,08033387953,"Information Technology",GL05,"Step 9",Permanent,2024-10-22,1,Suspended,,,"Parallex Bank",9676601924,"Omobola Oyesiku"
96,REG00096,Ifeanyi,,Adepoju,Male,1971-10-22,ifeanyi.adepoju96@company.com,08035579376,"Information Technology",,,Contract,2017-10-22,8,Suspended,,,"Guaranty Trust Bank",5866784493,"Ifeanyi Adepoju"
97,REG00097,Aminat,Nkechi,Anderson,Male,2002-10-22,aminat.anderson97@company.com,08198061590,"Human Resources",GL01,"Step 7",Permanent,2020-10-22,5,Suspended,,,"Titan Trust Bank",2279634945,"Aminat Anderson"
98,REG00098,Kehinde,,Mustapha,Male,1978-10-22,kehinde.mustapha98@company.com,08168263576,"Information Technology",GL09,"Step 4",Permanent,1996-10-22,29,Active,,,"Ecobank Nigeria",7291688362,"Kehinde Mustapha"
99,REG00099,Mojisola,Busola,Adepoju,Female,1977-10-22,mojisola.adepoju99@company.com,09016760313,"Information Technology",,,Contract,2006-10-22,19,Active,,,"Providus Bank",5386332899,"Mojisola Adepoju"
100,REG00100,Patricia,Gbemisola,Thomas,Male,1975-10-22,patricia.thomas100@company.com,08085766981,"Information Technology",GL04,"Step 6",Permanent,2001-10-22,24,Suspended,,,"Wema Bank",7123250893,"Patricia Thomas"
101,REG00101,Adedayo,,Uwakwe,Female,1965-10-22,adedayo.uwakwe101@company.com,07018390727,"Information Technology",GL16,"Step 2",Permanent,2009-10-22,16,Suspended,,,"Zenith Bank",9633391340,"Adedayo Uwakwe"
102,REG00102,Ujunwa,,David,Male,2003-10-22,ujunwa.david102@company.com,07034021550,"Information Technology",,,Contract,2023-10-22,2,Active,,,"Unity Bank",2540231018,"Ujunwa David"
103,REG00103,Mary,Chidiebere,Fashina,Female,1977-10-22,mary.fashina103@company.com,08134640682,Finance,,,Contract,1995-10-22,30,Active,,,"Unity Bank",8363407450,"Mary Fashina"
104,REG00104,Kehinde,Oyin,Ajiboye,Female,2005-10-22,kehinde.ajiboye104@company.com,08062611886,"Human Resources",GL04,"Step 6",Permanent,2023-10-22,2,Suspended,,,"Polaris Bank",3295458731,"Kehinde Ajiboye"
105,REG00105,Lekan,,Lewis,Female,1972-10-22,lekan.lewis105@company.com,09099869333,"Human Resources",GL13,"Step 4",Permanent,1998-10-22,27,Active,,,"Parallex Bank",4775548386,"Lekan Lewis"
106,REG00106,Rasheedah,James,Jaja,Male,1988-10-22,rasheedah.jaja106@company.com,09087511407,"Information Technology",,,Contract,2019-10-22,6,Suspended,,,"First City Monument Bank",4052730282,"Rasheedah Jaja"
107,REG00107,Rasheedah,,Moore,Male,1975-10-22,rasheedah.moore107@company.com,09055957019,"Information Technology",GL04,"Step 14",Permanent,2002-10-22,23,Suspended,,,"Unity Bank",1038856266,"Rasheedah Moore"
108,REG00108,Michael,,Mustapha,Female,2006-10-22,michael.mustapha108@company.com,07045122895,"Human Resources",,,Contract,2024-10-22,1,Active,,,"Stanbic IBTC Bank",5404603507,"Michael Mustapha"
109,REG00109,Ugochi,Ngozi,Agoi,Male,1974-10-22,ugochi.agoi109@company.com,08188931629,"Information Technology",,,Contract,1992-10-22,33,Active,,,"Titan Trust Bank",6096468484,"Ugochi Agoi"
110,REG00110,Aderonke,,Bello,Female,1972-10-22,aderonke.bello110@company.com,09027483816,"Information Technology",GL14,"Step 4",Permanent,1999-10-22,26,Suspended,,,"United Bank for Africa",9026237127,"Aderonke Bello"
111,REG00111,Paul,,Azikiwe,Female,1973-10-22,paul.azikiwe111@company.com,08097562088,"Information Technology",GL09,"Step 11",Permanent,2009-10-22,16,Suspended,,,"First City Monument Bank",7915144244,"Paul Azikiwe"
112,REG00112,Ugochi,,Wilson,Male,1972-10-22,ugochi.wilson112@company.com,08145155494,"Information Technology",GL16,"Step 14",Permanent,1997-10-22,28,Suspended,,,"Citibank Nigeria",1219918498,"Ugochi Wilson"
113,REG00113,Ujunwa,,Busari,Female,1974-10-22,ujunwa.busari113@company.com,09088915788,"Human Resources",GL05,"Step 8",Permanent,2007-10-22,18,Active,,,"United Bank for Africa",2482147917,"Ujunwa Busari"
114,REG00114,Adepeju,Adedayo,Gbajumo,Female,1998-10-22,adepeju.gbajumo114@company.com,09043527314,"Human Resources",,,Contract,2016-10-22,9,Suspended,,,"First City Monument Bank",2373162596,"Adepeju Gbajumo"
115,REG00115,Zara,,Oyinloye,Female,1975-10-22,zara.oyinloye115@company.com,08174819709,"Information Technology",GL03,"Step 15",Permanent,1993-10-22,32,Suspended,,,"First City Monument Bank",2330987450,"Zara Oyinloye"
116,REG00116,Nkechi,,Martin,Male,2004-10-22,nkechi.martin116@company.com,08064512339,"Information Technology",GL16,"Step 3",Permanent,2022-10-22,3,Active,,,"Wema Bank",4885986508,"Nkechi Martin"
117,REG00117,Sarah,,Anderson,Male,1973-10-22,sarah.anderson117@company.com,07029496754,Finance,,,Contract,2015-10-22,10,Suspended,,,"Keystone Bank",7607829617,"Sarah Anderson"
118,REG00118,Adunni,Gbemisola,Aluko,Female,1967-10-22,adunni.aluko118@company.com,08186791060,Finance,GL10,"Step 15",Permanent,2021-10-22,4,Active,,,"SunTrust Bank",9112282834,"Adunni Aluko"
119,REG00119,Oyin,,Azikiwe,Male,1968-10-22,oyin.azikiwe119@company.com,08149810464,"Information Technology",,,Contract,2025-10-22,0,Suspended,,,"Sterling Bank",2858491419,"Oyin Azikiwe"
120,REG00120,Uzochi,Titi,Bankole,Male,1983-10-22,uzochi.bankole120@company.com,08154545365,Finance,GL08,"Step 11",Permanent,2002-10-22,23,Active,,,"Parallex Bank",3362854410,"Uzochi Bankole"
121,REG00121,Adebayo,,Mbanefo,Male,2000-10-22,adebayo.mbanefo121@company.com,08083596423,Finance,GL03,"Step 7",Permanent,2025-10-22,0,Active,,,"First Bank of Nigeria",9463935732,"Adebayo Mbanefo"
122,REG00122,Nkiru,,David,Female,1968-10-22,nkiru.david122@company.com,08012516108,Finance,GL12,"Step 10",Permanent,1991-10-22,34,Active,,,"Stanbic IBTC Bank",2098625584,"Nkiru David"
123,REG00123,Ngozi,,Adebayo,Female,1970-10-22,ngozi.adebayo123@company.com,09028567403,"Human Resources",GL01,"Step 8",Permanent,1994-10-22,31,Suspended,,,"Wema Bank",2572102634,"Ngozi Adebayo"
124,REG00124,Lekan,,Odeyemi,Male,1998-10-22,lekan.odeyemi124@company.com,08089803662,"Information Technology",GL09,"Step 8",Permanent,2016-10-22,9,Suspended,,,"Sterling Bank",3186702738,"Lekan Odeyemi"
125,REG00125,Busola,Bimbo,Torres,Female,1979-10-22,busola.torres125@company.com,08165668731,Finance,,,Contract,2004-10-22,21,Active,,,"Fidelity Bank",9210036370,"Busola Torres"
126,REG00126,Chioma,,Ajumobi,Female,1982-10-22,chioma.ajumobi126@company.com,08184541478,"Information Technology",GL07,"Step 8",Permanent,2003-10-22,22,Active,,,"Guaranty Trust Bank",8125356471,"Chioma Ajumobi"
127,REG00127,Matthew,,Sanchez,Female,1972-10-22,matthew.sanchez127@company.com,08132590221,Finance,,,Contract,1999-10-22,26,Suspended,,,"United Bank for Africa",7531353388,"Matthew Sanchez"
128,REG00128,Kehinde,Jessica,Bello,Female,1981-10-22,kehinde.bello128@company.com,08023001284,Finance,GL11,"Step 10",Permanent,2021-10-22,4,Active,,,"Providus Bank",1396685973,"Kehinde Bello"
129,REG00129,Olamide,,Ahmad,Male,2003-10-22,olamide.ahmad129@company.com,08144476101,Finance,GL07,"Step 1",Permanent,2021-10-22,4,Suspended,,,"Wema Bank",9876290999,"Olamide Ahmad"
130,REG00130,Jennifer,,Martinez,Male,1967-10-22,jennifer.martinez130@company.com,08025162793,"Information Technology",GL13,"Step 3",Permanent,2025-10-22,0,Suspended,,,"Unity Bank",4532964747,"Jennifer Martinez"
131,REG00131,Mubarak,Mojisola,Isiaka,Male,1981-10-22,mubarak.isiaka131@company.com,08119414158,"Human Resources",GL14,"Step 8",Permanent,2011-10-22,14,Suspended,,,"Standard Chartered Bank",6932565927,"Mubarak Isiaka"
132,REG00132,Aminat,Susan,Balogun,Female,2003-10-22,aminat.balogun132@company.com,08165905468,Finance,GL12,"Step 2",Permanent,2021-10-22,4,Suspended,,,"Unity Bank",2730472653,"Aminat Balogun"
133,REG00133,Afolabi,Ugochi,Busari,Male,2006-10-22,afolabi.busari133@company.com,08159102933,Finance,,,Contract,2024-10-22,1,Suspended,,,"United Bank for Africa",5591797556,"Afolabi Busari"
134,REG00134,Tunde,,Odetola,Female,2004-10-22,tunde.odetola134@company.com,08191706195,Finance,GL12,"Step 13",Permanent,2022-10-22,3,Active,,,"Citibank Nigeria",3967150393,"Tunde Odetola"
135,REG00135,Chukwu,,Bamidele,Male,1995-10-22,chukwu.bamidele135@company.com,08196868772,"Human Resources",,,Contract,2013-10-22,12,Suspended,,,"Guaranty Trust Bank",6878552312,"Chukwu Bamidele"
136,REG00136,Gbemisola,Ngozika,Aliyu,Male,1996-10-22,gbemisola.aliyu136@company.com,07021142989,Finance,GL06,"Step 11",Permanent,2014-10-22,11,Suspended,,,"Heritage Bank",1878432992,"Gbemisola Aliyu"
137,REG00137,Adepeju,Zainab,Adegoke,Female,1984-10-22,adepeju.adegoke137@company.com,09074179289,Finance,,,Contract,2015-10-22,10,Suspended,,,"Parallex Bank",4722759219,"Adepeju Adegoke"
138,REG00138,Uzochi,,Adesanya,Female,1982-10-22,uzochi.adesanya138@company.com,08158987302,"Information Technology",GL08,"Step 9",Permanent,2012-10-22,13,Suspended,,,"Union Bank of Nigeria",3910877382,"Uzochi Adesanya"
139,REG00139,William,,Adesina,Male,1988-10-22,william.adesina139@company.com,08195701298,"Human Resources",GL02,"Step 5",Permanent,2024-10-22,1,Suspended,,,FCMB,9749740599,"William Adesina"
140,REG00140,Chinwe,,Bamisebi,Male,1984-10-22,chinwe.bamisebi140@company.com,08188660428,"Information Technology",GL12,"Step 15",Permanent,2013-10-22,12,Active,,,"Jaiz Bank",4120536854,"Chinwe Bamisebi"
141,REG00141,Lekan,,Harris,Male,1967-10-22,lekan.harris141@company.com,09064189304,Finance,GL16,"Step 12",Permanent,2001-10-22,24,Active,,,"SunTrust Bank",2362016205,"Lekan Harris"
142,REG00142,Aderonke,,Akinyemi,Female,1985-10-22,aderonke.akinyemi142@company.com,08042729810,"Human Resources",,,Contract,2003-10-22,22,Suspended,,,"Jaiz Bank",5048318372,"Aderonke Akinyemi"
143,REG00143,Uzochi,Chidiebere,Asaaju,Male,1991-10-22,uzochi.asaaju143@company.com,08048866652,"Human Resources",,,Contract,2009-10-22,16,Active,,,"Ecobank Nigeria",8835002945,"Uzochi Asaaju"
144,REG00144,Michael,,Awosika,Female,1990-10-22,michael.awosika144@company.com,08194534928,"Human Resources",GL09,"Step 10",Permanent,2008-10-22,17,Suspended,,,"Union Bank of Nigeria",4910320436,"Michael Awosika"
145,REG00145,Lisa,Titi,Ebiti,Female,2007-10-22,lisa.ebiti145@company.com,08056316255,"Human Resources",GL08,"Step 9",Permanent,2025-10-22,0,Suspended,,,"Keystone Bank",1717394441,"Lisa Ebiti"
146,REG00146,Uche,Jumoke,Olawale,Male,1989-10-22,uche.olawale146@company.com,09024713743,"Human Resources",,,Contract,2017-10-22,8,Active,,,"Sterling Bank",2898705333,"Uche Olawale"
147,REG00147,Jennifer,Christopher,Onyima,Male,1989-10-22,jennifer.onyima147@company.com,08129612930,"Information Technology",GL03,"Step 10",Permanent,2007-10-22,18,Suspended,,,"Fidelity Bank",8657241482,"Jennifer Onyima"
148,REG00148,Uche,Adeola,Jones,Male,1990-10-22,uche.jones148@company.com,09072326881,"Human Resources",GL13,"Step 10",Permanent,2008-10-22,17,Active,,,"Jaiz Bank",2303155794,"Uche Jones"
149,REG00149,Adunni,,Ebiti,Female,1979-10-22,adunni.ebiti149@company.com,08014541885,"Information Technology",,,Contract,2016-10-22,9,Suspended,,,"Ecobank Nigeria",5703463395,"Adunni Ebiti"
150,REG00150,Akin,,King,Male,1968-10-22,akin.king150@company.com,08192985182,Finance,GL02,"Step 1",Permanent,2000-10-22,25,Active,,,"Heritage Bank",6727166923,"Akin King"
151,REG00151,Rasheedah,Grace,Orji,Male,1976-10-22,rasheedah.orji151@company.com,08134649297,"Information Technology",,,Contract,2016-10-22,9,Active,,,"Providus Bank",2420412673,"Rasheedah Orji"
152,REG00152,Aishat,,Young,Female,1976-10-22,aishat.young152@company.com,08107209014,"Information Technology",GL12,"Step 14",Permanent,2005-10-22,20,Active,,,"Keystone Bank",9005867483,"Aishat Young"
153,REG00153,Aderonke,Busola,Ali,Female,1979-10-22,aderonke.ali153@company.com,08096665351,Finance,GL01,"Step 12",Permanent,2001-10-22,24,Suspended,,,"Citibank Nigeria",8239395750,"Aderonke Ali"
154,REG00154,Sikiru,Chukwu,Aminu,Male,1998-10-22,sikiru.aminu154@company.com,08117076273,"Human Resources",GL13,"Step 3",Permanent,2016-10-22,9,Suspended,,,"Union Bank of Nigeria",6074728830,"Sikiru Aminu"
155,REG00155,Jumoke,Funmi,Okafor,Female,1981-10-22,jumoke.okafor155@company.com,08108594296,"Human Resources",GL12,"Step 5",Permanent,1999-10-22,26,Suspended,,,"Standard Chartered Bank",1196609116,"Jumoke Okafor"
156,REG00156,Uchechi,Barbara,Bature,Male,1991-10-22,uchechi.bature156@company.com,09069889540,"Information Technology",,,Contract,2009-10-22,16,Active,,,FCMB,5488776911,"Uchechi Bature"
157,REG00157,Jumoke,,Adenuga,Female,1971-10-22,jumoke.adenuga157@company.com,08155402989,Finance,,,Contract,2015-10-22,10,Active,,,"Titan Trust Bank",2334343067,"Jumoke Adenuga"
158,REG00158,Ngozika,Omobola,Harris,Male,1993-10-22,ngozika.harris158@company.com,08194087228,Finance,GL14,"Step 10",Permanent,2011-10-22,14,Active,,,"Parallex Bank",2105158405,"Ngozika Harris"
159,REG00159,Adunni,Olamide,Hernandez,Male,1969-10-22,adunni.hernandez159@company.com,08036135703,"Information Technology",,,Contract,2016-10-22,9,Active,,,"United Bank for Africa",5403115685,"Adunni Hernandez"
160,REG00160,Omotola,,Uwakwe,Male,1991-10-22,omotola.uwakwe160@company.com,08191764423,Finance,GL01,"Step 4",Permanent,2020-10-22,5,Active,,,"Keystone Bank",4751109581,"Omotola Uwakwe"
161,REG00161,Uchechukwu,Wasiu,Abiodun,Male,1986-10-22,uchechukwu.abiodun161@company.com,07038355419,Finance,GL15,"Step 8",Permanent,2004-10-22,21,Active,,,"Heritage Bank",4290654736,"Uchechukwu Abiodun"
162,REG00162,Chioma,Ebere,Ramirez,Male,1987-10-22,chioma.ramirez162@company.com,08155707588,"Human Resources",GL05,"Step 11",Permanent,2009-10-22,16,Active,,,"First Bank of Nigeria",2820434308,"Chioma Ramirez"
163,REG00163,Ngozi,,Akpan,Male,1980-10-22,ngozi.akpan163@company.com,07027890816,"Information Technology",GL09,"Step 5",Permanent,1998-10-22,27,Active,,,FCMB,8736157423,"Ngozi Akpan"
164,REG00164,Jumoke,,Bashir,Female,2002-10-22,jumoke.bashir164@company.com,08176381012,Finance,GL09,"Step 14",Permanent,2020-10-22,5,Suspended,,,"Providus Bank",9142423216,"Jumoke Bashir"
165,REG00165,Chinaza,Wasiu,Adebowale,Female,2004-10-22,chinaza.adebowale165@company.com,07038325163,"Information Technology",GL13,"Step 13",Permanent,2022-10-22,3,Suspended,,,"Sterling Bank",5597254316,"Chinaza Adebowale"
166,REG00166,Uche,Nkem,Onyima,Male,1970-10-22,uche.onyima166@company.com,09094923479,Finance,,,Contract,2016-10-22,9,Active,,,"Heritage Bank",8196600582,"Uche Onyima"
167,REG00167,Lanre,Bimbo,Olufunmi,Female,1970-10-22,lanre.olufunmi167@company.com,08181719163,"Information Technology",,,Contract,2010-10-22,15,Active,,,"SunTrust Bank",9991427185,"Lanre Olufunmi"
168,REG00168,Lekan,Elizabeth,Aliyu,Female,1975-10-22,lekan.aliyu168@company.com,09055783283,"Human Resources",,,Contract,2022-10-22,3,Suspended,,,"First Bank of Nigeria",2703672765,"Lekan Aliyu"
169,REG00169,Ibrahim,Lekan,Osagie,Female,1999-10-22,ibrahim.osagie169@company.com,09013309141,"Human Resources",GL09,"Step 4",Permanent,2017-10-22,8,Active,,,"Wema Bank",1169508746,"Ibrahim Osagie"
170,REG00170,Aderonke,David,Mustapha,Female,1981-10-22,aderonke.mustapha170@company.com,09027540410,Finance,,,Contract,1999-10-22,26,Suspended,,,"Polaris Bank",1066467363,"Aderonke Mustapha"
171,REG00171,Ifeoma,,Ayeni,Male,1997-10-22,ifeoma.ayeni171@company.com,08149476971,"Human Resources",,,Contract,2015-10-22,10,Active,,,"Sterling Bank",6227196710,"Ifeoma Ayeni"
172,REG00172,Christopher,Wasiu,Taiwo,Male,2004-10-22,christopher.taiwo172@company.com,08015037622,Finance,,,Contract,2022-10-22,3,Suspended,,,"Globus Bank",4172048654,"Christopher Taiwo"
173,REG00173,Patricia,Aisha,Ezeala,Male,1968-10-22,patricia.ezeala173@company.com,08105874465,"Human Resources",,,Contract,2009-10-22,16,Suspended,,,"Sterling Bank",5629540488,"Patricia Ezeala"
174,REG00174,Ifeoma,Gbemisola,Bashir,Male,1975-10-22,ifeoma.bashir174@company.com,08116837747,"Information Technology",,,Contract,1993-10-22,32,Active,,,"Keystone Bank",6216174271,"Ifeoma Bashir"
175,REG00175,Thomas,,Kalu,Female,1975-10-22,thomas.kalu175@company.com,08086276869,"Information Technology",,,Contract,2012-10-22,13,Suspended,,,"United Bank for Africa",1679101011,"Thomas Kalu"
176,REG00176,Mojisola,,Adesanya,Male,2005-10-22,mojisola.adesanya176@company.com,08099241542,"Information Technology",,,Contract,2023-10-22,2,Active,,,"Wema Bank",8133639078,"Mojisola Adesanya"
177,REG00177,Taiwo,,Ezeala,Male,1980-10-22,taiwo.ezeala177@company.com,08132139008,"Information Technology",,,Contract,2011-10-22,14,Suspended,,,"Wema Bank",8387707892,"Taiwo Ezeala"
178,REG00178,Gbemisola,Busola,Anifowoshe,Male,1968-10-22,gbemisola.anifowoshe178@company.com,07015514642,"Information Technology",,,Contract,1992-10-22,33,Active,,,"Parallex Bank",2115668848,"Gbemisola Anifowoshe"
179,REG00179,Mary,Nnamdi,King,Female,1968-10-22,mary.king179@company.com,08167419201,"Information Technology",,,Contract,2002-10-22,23,Active,,,"Guaranty Trust Bank",4119095294,"Mary King"
180,REG00180,Mubarak,,Oyinloye,Male,1999-10-22,mubarak.oyinloye180@company.com,08033838882,Finance,GL13,"Step 13",Permanent,2021-10-22,4,Suspended,,,"Guaranty Trust Bank",8581456847,"Mubarak Oyinloye"
181,REG00181,Mojisola,,Ramirez,Female,1969-10-22,mojisola.ramirez181@company.com,09022338340,Finance,,,Contract,2012-10-22,13,Active,,,"Parallex Bank",1999981305,"Mojisola Ramirez"
182,REG00182,Uchechukwu,,Anifowoshe,Female,1989-10-22,uchechukwu.anifowoshe182@company.com,08124685778,"Human Resources",GL13,"Step 1",Permanent,2020-10-22,5,Suspended,,,"Parallex Bank",7543158383,"Uchechukwu Anifowoshe"
183,REG00183,Robert,Grace,Adejumo,Male,2002-10-22,robert.adejumo183@company.com,08032301862,Finance,,,Contract,2020-10-22,5,Suspended,,,"First City Monument Bank",5687913391,"Robert Adejumo"
184,REG00184,Matthew,,Ozoigbo,Female,1989-10-22,matthew.ozoigbo184@company.com,08074224223,"Information Technology",,,Contract,2007-10-22,18,Suspended,,,"Fidelity Bank",5117026671,"Matthew Ozoigbo"
185,REG00185,Nkechi,,Omosule,Male,2002-10-22,nkechi.omosule185@company.com,08167440995,"Information Technology",,,Contract,2020-10-22,5,Active,,,"Citibank Nigeria",1682722831,"Nkechi Omosule"
186,REG00186,Ibrahim,Bimbo,Fashina,Female,1986-10-22,ibrahim.fashina186@company.com,08141106411,"Information Technology",,,Contract,2010-10-22,15,Active,,,"Stanbic IBTC Bank",9730931360,"Ibrahim Fashina"
187,REG00187,Jennifer,,Abiodun,Female,1999-10-22,jennifer.abiodun187@company.com,09024468582,"Human Resources",,,Contract,2017-10-22,8,Suspended,,,"Providus Bank",1376285091,"Jennifer Abiodun"
188,REG00188,Lisa,James,Aniefiok,Male,1967-10-22,lisa.aniefiok188@company.com,08175149918,"Human Resources",,,Contract,1993-10-22,32,Active,,,"Globus Bank",7482420969,"Lisa Aniefiok"
189,REG00189,Ahmad,,Amarachi,Female,1992-10-22,ahmad.amarachi189@company.com,09065582750,"Human Resources",GL04,"Step 9",Permanent,2010-10-22,15,Suspended,,,"Providus Bank",7373607134,"Ahmad Amarachi"
190,REG00190,Ahmad,,Adegboye,Female,2006-10-22,ahmad.adegboye190@company.com,08193565049,"Human Resources",GL09,"Step 2",Permanent,2025-10-22,0,Active,,,"United Bank for Africa",4482030182,"Ahmad Adegboye"
191,REG00191,Grace,,Dauda,Male,1966-10-22,grace.dauda191@company.com,08071559626,Finance,GL09,"Step 6",Permanent,1996-10-22,29,Suspended,,,FCMB,8827509098,"Grace Dauda"
192,REG00192,Adepeju,,Omololu,Female,1986-10-22,adepeju.omololu192@company.com,08148679254,Finance,GL11,"Step 7",Permanent,2021-10-22,4,Suspended,,,"Providus Bank",6043422065,"Adepeju Omololu"
193,REG00193,Emeka,,Igbinedion,Male,1970-10-22,emeka.igbinedion193@company.com,08066228826,Finance,,,Contract,2019-10-22,6,Suspended,,,"Zenith Bank",8896060564,"Emeka Igbinedion"
194,REG00194,Ugochi,,Lewis,Male,1977-10-22,ugochi.lewis194@company.com,08153230253,"Human Resources",,,Contract,2021-10-22,4,Suspended,,,"Jaiz Bank",7453348770,"Ugochi Lewis"
195,REG00195,Uche,Olamide,Dauda,Male,1981-10-22,uche.dauda195@company.com,09081797945,"Information Technology",,,Contract,1999-10-22,26,Active,,,"Wema Bank",9335246737,"Uche Dauda"
196,REG00196,Chidimma,,Jackson,Female,1966-10-22,chidimma.jackson196@company.com,08045900514,"Human Resources",,,Contract,2020-10-22,5,Suspended,,,"Standard Chartered Bank",3333242438,"Chidimma Jackson"
197,REG00197,Yusuf,,Adebayo,Female,1982-10-22,yusuf.adebayo197@company.com,09071791779,"Human Resources",GL11,"Step 9",Permanent,2007-10-22,18,Active,,,"United Bank for Africa",3308289827,"Yusuf Adebayo"
198,REG00198,Lanre,Aisha,Onyima,Male,2003-10-22,lanre.onyima198@company.com,08055284552,"Information Technology",,,Contract,2025-10-22,0,Suspended,,,"Sterling Bank",3683119659,"Lanre Onyima"
199,REG00199,Ngozi,Adunni,Miller,Male,1979-10-22,ngozi.miller199@company.com,07028369162,"Human Resources",,,Contract,1998-10-22,27,Suspended,,,"United Bank for Africa",1854292515,"Ngozi Miller"
200,REG00200,Aminat,Thomas,Adebisi,Female,1965-10-22,aminat.adebisi200@company.com,09068426999,"Human Resources",,,Contract,2015-10-22,10,Suspended,,,"United Bank for Africa",2345883061,"Aminat Adebisi"
